{"Average Loss": 1.636953353881836, "_runtime": 82, "_timestamp": 1650203648, "_step": 202, "Group 0 Loss": 1.8328542709350586, "Group 1 Loss": 2.2846715450286865, "Group 2 Loss": 1.7402757406234741, "Group 3 Loss": 1.824286937713623, "Group 4 Loss": 0.0, "Group 5 Loss": 2.0532631874084473}