{"Average Loss": 0.5100944638252258, "_runtime": 1152, "_timestamp": 1650204970, "_step": 5627, "Group 0 Loss": 1.4172028303146362, "Group 1 Loss": 0.0, "Group 2 Loss": 0.0, "Group 3 Loss": 0.0, "Group 4 Loss": 1.4271721839904785, "Group 5 Loss": 0.0}